{
    "time_to_stabilize": 8.513638257980347,
    "time_to_binary": 300.56675934791565,
    "time_to_alpha": 360.48899936676025,
    "time_to_matted": 360.4887762069702,
    "time_to_output": 365.1082491874695
}