{
    "time_to_stabilize": 11.42195200920105,
    "time_to_binary": 389.18376088142395,
    "time_to_alpha": 473.75531005859375,
    "time_to_matted": 473.7533781528473,
    "time_to_output": 478.52775597572327
}